{"reward": 24.0, "game_no": 21, "epsilon": 0.7899999999999998, "_timestamp": 1721966954.840073, "_runtime": 214.3323941230774, "_step": 21}