{"reward": 56.0, "game_no": 1, "epsilon": 0.99, "_timestamp": 1721966706.7653887, "_runtime": 25.354665756225586, "_step": 1, "_wandb": {"runtime": 32}}